<window id="9999">
	<defaultcontrol always="false">200</defaultcontrol>
	<coordinates>
		<system>1</system>
		<posx>385</posx>
		<posy>95</posy>
	</coordinates>
	<include>dialogeffect</include>
	<controls>
		<control type="group">
			<include>VisibleFadeEffect</include>
			<control type="image">
				<description>Background Image</description>
				<posx>0</posx>
				<posy>0</posy>
				<width>510</width>
				<height>530</height>
				<texture border="40">DialogBack2.png</texture>
			</control>
			<control type="image">
				<description>Dialog Header image</description>
				<left>40</left>
				<top>16</top>
				<width>450</width>
				<height>40</height>
				<texture>dialogheader.png</texture>
			</control>
			<control type="label" id="100">
				<description>header label</description>
				<left>40</left>
				<top>20</top>
				<width>450</width>
				<height>30</height>
				<font>font13_title</font>
				<label></label>
				<align>center</align>
				<aligny>center</aligny>
				<textcolor>selected</textcolor>
				<shadowcolor>black</shadowcolor>
			</control>
			<control type="button">
				<description>Close Window button</description>
				<left>420</left>
				<top>15</top>
				<width>64</width>
				<height>32</height>
				<label>-</label>
				<font>-</font>
				<onclick>PreviousMenu</onclick>
				<texturefocus>DialogCloseButton-focus.png</texturefocus>
				<texturenofocus>DialogCloseButton.png</texturenofocus>
				<visible>system.getbool(input.enablemouse)</visible>
			</control>
		</control>
		<control type="group">
			<left>30</left>
			<top>60</top>
			<control type="label">
				<description>Title Label</description>
				<left>0</left>
				<top>0</top>
				<width>0</width>
				<height>0</height>
				<label>Title</label>
				<align>left</align>
				<font>font12</font>
				<textcolor>blue</textcolor>
				<shadowcolor>black</shadowcolor>
			</control>
			<control type="label">
				<description>Tag Label</description>
				<left>0</left>
				<top>55</top>
				<width>0</width>
				<height>0</height>
				<label>Tag</label>
				<align>left</align>
				<font>font12</font>
				<textcolor>blue</textcolor>
				<shadowcolor>black</shadowcolor>
			</control>
			<control type="label">
				<description>Actor Label</description>
				<left>0</left>
				<top>110</top>
				<width>0</width>
				<height>0</height>
				<label>Actor</label>
				<align>left</align>
				<font>font12</font>
				<textcolor>blue</textcolor>
			</control>
			<control type="label">
				<description>Director Label</description>
				<left>0</left>
				<top>165</top>
				<width>0</width>
				<height>0</height>
				<label>Director</label>
				<align>left</align>
				<font>font12</font>
				<textcolor>blue</textcolor>
			</control>
			<control type="label">
				<description>Country Label</description>
				<left>0</left>
				<top>220</top>
				<width>0</width>
				<height>0</height>
				<label>Country</label>
				<align>left</align>
				<font>font12</font>
				<textcolor>blue</textcolor>
			</control>
			<control type="label">
				<description>Genre Label</description>
				<left>0</left>
				<top>275</top>
				<width>0</width>
				<height>0</height>
				<label>Genre</label>
				<align>left</align>
				<font>font12</font>
				<textcolor>blue</textcolor>
			</control>
			<control type="label">
				<description>Month Label</description>
				<left>0</left>
				<top>330</top>
				<width>0</width>
				<height>0</height>
				<label>Month</label>
				<align>left</align>
				<font>font12</font>
				<textcolor>blue</textcolor>
			</control>
			<control type="label">
				<description>Year Label</description>
				<left>155</left>
				<top>330</top>
				<width>0</width>
				<height>0</height>
				<label>Year</label>
				<align>left</align>
				<font>font12</font>
				<textcolor>blue</textcolor>
			</control>
			<control type="label">
				<description>Decade Label</description>
				<left>310</left>
				<top>330</top>
				<width>0</width>
				<height>0</height>
				<label>Decade</label>
				<align>left</align>
				<font>font12</font>
				<textcolor>blue</textcolor>
			</control>
		</control>
		<control type="group" id="9001">
			<control type="button" id="200">
				<description>Search Button</description>
				<left>50</left>
				<top>460</top>
				<width>200</width>
				<height>40</height>
				<align>center</align>
				<aligny>center</aligny>
				<label>Search</label>
				<font>font12_title</font>
				<ondown>201</ondown>
				<onright>201</onright>
			</control>
			<control type="button" id="201">
				<description>Cancel Button</description>
				<left>260</left>
				<top>460</top>
				<width>200</width>
				<height>40</height>
				<align>center</align>
				<aligny>center</aligny>
				<label>Cancel</label>
				<font>font12_title</font>
				<onup>200</onup>
				<onleft>200</onleft>
			</control>
		</control>
	</controls>
</window>