<?xml version="1.0" encoding="UTF-8" standalone="yes"?>
<addon id="script.1channel.themepak" version="0.0.1" name="1Channel Themepak" provider-name="tknorris">
    <requires>
        <import addon="xbmc.python" version="2.1.0"/>
    </requires>
    <extension point="xbmc.python.script" library="default.py">
        <provides>executable</provides>
    </extension>
    <extension point="xbmc.addon.metadata">
        <summary>Themes for the 1Channel/PrimeWire Addon</summary>
        <description>Themes for 1Channel are maintained separately to make distribution of the the addon itself easier/faster.</description>
        <platform>all</platform>
    </extension>
</addon>
